{
  "project_info": {
    "project_number": "945307396637",
    "firebase_url": "https://spacewood-e1fb0.firebaseio.com",
    "project_id": "spacewood-e1fb0",
    "storage_bucket": "spacewood-e1fb0.appspot.com"
  },
  "client": [
    {
      "client_info": {
        "mobilesdk_app_id": "1:945307396637:android:ddc294f7db24fb573eb4f4",
        "android_client_info": {
          "package_name": "com.teamwood.spacewood.unity"
        }
      },
      "oauth_client": [
        {
          "client_id": "945307396637-u3k6rddt7nqpsfd0luo1n19knfavg3ud.apps.googleusercontent.com",
          "client_type": 3
        }
      ],
      "api_key": [
        {
          "current_key": "AIzaSyDGWl-eIqCcKYh0T_87Y_6Cd1_q6_NuAUY"
        }
      ],
      "services": {
        "appinvite_service": {
          "other_platform_oauth_client": [
            {
              "client_id": "945307396637-u3k6rddt7nqpsfd0luo1n19knfavg3ud.apps.googleusercontent.com",
              "client_type": 3
            },
            {
              "client_id": "945307396637-1ve76tp5h2qo4a9eafh45of93llegqbq.apps.googleusercontent.com",
              "client_type": 2,
              "ios_info": {
                "bundle_id": "com.teamwood.spacewood.unity"
              }
            }
          ]
        }
      }
    }
  ],
  "configuration_version": "1"
}